User_ID,QA_ID,Question,Category,Ranking_ContentEventTopicKW,Targets
0,0,When did Caroline go to the LGBTQ support group?,2,"[1, 12, 20, 37, 31, 34, 7, 29, 14, 11, 50, 18, 2, 58, 21, 47, 28, 15, 65, 66, 54, 42, 26, 6, 48, 41, 64, 43, 22, 55, 19, 35, 39, 62, 59, 49, 56, 0, 38, 23, 33, 4, 51, 5, 10, 60, 17, 53, 16, 8, 9, 61, 13, 25, 52, 24, 32, 45, 30, 46, 27, 63, 44, 40, 57, 3, 36]",[1]
0,1,When did Melanie paint a sunrise?,2,"[45, 3, 30, 57, 40, 48, 25, 41, 35, 59, 46, 44, 16, 55, 47, 51, 49, 38, 33, 53, 10, 19, 52, 13, 27, 54, 32, 5, 29, 0, 36, 2, 15, 8, 4, 9, 58, 64, 63, 26, 42, 34, 43, 62, 14, 37, 28, 24, 7, 17, 60, 65, 66, 6, 22, 11, 61, 21, 39, 23, 18, 56, 12, 20, 31, 50, 1]",[2]
0,2,What fields would Caroline be likely to pursue in her educaton?,3,"[11, 21, 15, 2, 52, 12, 50, 7, 17, 6, 14, 9, 22, 54, 39, 41, 4, 29, 13, 42, 20, 51, 38, 47, 35, 49, 27, 0, 56, 44, 64, 23, 40, 45, 5, 48, 31, 37, 25, 16, 26, 58, 57, 28, 33, 53, 8, 18, 24, 43, 65, 66, 10, 55, 3, 30, 32, 59, 34, 62, 1, 60, 61, 46, 63, 19, 36]",[2]
0,3,What did Caroline research?,1,"[11, 4, 21, 15, 6, 17, 9, 12, 39, 14, 50, 54, 0, 7, 2, 29, 56, 42, 20, 47, 49, 22, 41, 35, 64, 5, 25, 45, 58, 26, 37, 44, 10, 52, 31, 13, 8, 16, 1, 23, 51, 33, 27, 53, 18, 28, 38, 43, 57, 59, 24, 48, 62, 61, 40, 30, 55, 32, 65, 66, 3, 60, 19, 34, 63, 46, 36]",[6]
0,4,What is Caroline's identity?,1,"[7, 9, 41, 14, 11, 35, 42, 54, 47, 64, 15, 12, 0, 20, 29, 21, 65, 66, 31, 22, 39, 49, 6, 33, 50, 62, 45, 8, 18, 5, 51, 43, 58, 55, 28, 59, 60, 4, 37, 44, 52, 26, 56, 2, 1, 38, 17, 23, 13, 61, 34, 27, 25, 16, 32, 10, 30, 24, 53, 57, 3, 40, 48, 19, 63, 46, 36]",[1]
0,5,When did Melanie run a charity race?,2,"[5, 24, 7, 34, 31, 14, 64, 59, 15, 33, 20, 6, 28, 42, 29, 46, 12, 49, 50, 11, 56, 8, 37, 55, 38, 62, 39, 25, 48, 47, 16, 13, 53, 21, 51, 19, 22, 32, 10, 30, 0, 2, 43, 44, 26, 60, 17, 58, 9, 3, 4, 57, 35, 61, 52, 45, 18, 1, 54, 40, 41, 36, 27, 63, 65, 66, 23]",[5]
0,6,When is Melanie planning on going camping?,2,"[10, 63, 19, 53, 32, 14, 49, 6, 38, 16, 43, 15, 36, 4, 33, 25, 55, 5, 37, 42, 60, 28, 26, 0, 51, 46, 8, 56, 39, 44, 3, 48, 52, 45, 62, 59, 34, 64, 50, 11, 17, 21, 29, 13, 20, 12, 24, 40, 30, 7, 2, 31, 27, 57, 61, 9, 22, 18, 58, 47, 41, 35, 65, 66, 23, 54, 1]",[6]
0,7,What is Caroline's relationship status?,1,"[15, 8, 42, 12, 7, 14, 0, 49, 29, 39, 9, 11, 20, 21, 50, 31, 55, 54, 6, 37, 33, 64, 62, 26, 18, 56, 51, 41, 60, 38, 28, 43, 4, 34, 47, 45, 35, 25, 27, 65, 66, 5, 2, 52, 53, 10, 23, 44, 22, 16, 13, 1, 17, 32, 58, 48, 24, 61, 40, 19, 57, 59, 30, 63, 3, 46, 36]","[6, 7]"
0,8,When did Caroline give a speech at a school?,2,"[7, 12, 20, 50, 14, 17, 11, 58, 31, 34, 29, 33, 9, 21, 22, 1, 26, 49, 15, 64, 59, 51, 43, 47, 42, 6, 0, 35, 16, 37, 39, 52, 65, 66, 5, 2, 18, 8, 45, 28, 55, 48, 44, 53, 23, 54, 27, 61, 41, 38, 30, 62, 4, 25, 56, 13, 32, 10, 40, 60, 3, 46, 24, 63, 19, 57, 36]",[7]
0,9,"When did Caroline meet up with her friends, family, and mentors?",2,"[12, 7, 18, 29, 11, 14, 0, 62, 20, 50, 15, 26, 31, 21, 28, 10, 56, 38, 1, 37, 49, 8, 64, 42, 43, 2, 33, 55, 6, 60, 5, 54, 65, 66, 34, 53, 9, 47, 58, 32, 23, 41, 22, 39, 25, 51, 4, 59, 63, 16, 17, 27, 35, 19, 45, 61, 48, 13, 46, 52, 40, 24, 30, 44, 57, 3, 36]",[7]
0,10,How long has Caroline had her current group of friends for?,2,"[7, 31, 8, 18, 0, 12, 54, 28, 50, 49, 62, 29, 20, 55, 15, 37, 38, 2, 51, 9, 11, 25, 65, 66, 33, 14, 42, 1, 64, 53, 41, 56, 60, 32, 47, 34, 26, 10, 21, 52, 35, 6, 17, 23, 63, 39, 43, 22, 61, 45, 4, 16, 59, 19, 5, 58, 27, 40, 48, 24, 13, 30, 44, 3, 57, 46, 36]",[7]
0,11,Where did Caroline move from 4 years ago?,1,"[49, 42, 15, 7, 14, 12, 20, 26, 50, 0, 8, 31, 33, 64, 39, 21, 6, 11, 9, 18, 55, 37, 45, 28, 29, 60, 56, 10, 47, 4, 34, 43, 16, 32, 53, 22, 51, 54, 38, 52, 1, 62, 23, 41, 25, 5, 65, 66, 35, 17, 58, 63, 24, 27, 2, 40, 19, 61, 44, 30, 48, 13, 3, 57, 59, 46, 36]","[7, 9]"
0,12,How long ago was Caroline's 18th birthday?,2,"[33, 9, 8, 14, 12, 49, 27, 42, 34, 55, 16, 7, 26, 39, 20, 18, 50, 0, 60, 64, 45, 17, 15, 29, 58, 51, 32, 31, 65, 66, 38, 10, 53, 5, 1, 52, 62, 43, 61, 11, 37, 54, 56, 6, 4, 47, 28, 41, 35, 22, 21, 44, 25, 59, 40, 30, 23, 63, 48, 3, 19, 13, 2, 57, 24, 46, 36]",[9]
0,13,What career path has Caroline decided to persue?,1,"[11, 21, 15, 12, 2, 50, 7, 54, 6, 29, 39, 42, 22, 47, 64, 20, 14, 56, 41, 13, 5, 51, 38, 35, 31, 52, 9, 4, 26, 45, 28, 49, 17, 0, 25, 37, 23, 18, 33, 43, 48, 57, 53, 44, 8, 24, 27, 16, 59, 62, 40, 58, 55, 60, 65, 66, 32, 3, 10, 30, 34, 1, 46, 61, 63, 19, 36]","[2, 11]"
0,14,Would Caroline still want to pursue counseling as a career if she hadn't received support growing up?,3,"[21, 11, 12, 2, 15, 7, 37, 50, 64, 65, 66, 29, 54, 20, 22, 62, 6, 41, 56, 18, 28, 43, 5, 42, 47, 23, 1, 31, 38, 19, 26, 39, 35, 61, 13, 25, 17, 9, 60, 4, 59, 51, 57, 0, 58, 53, 27, 55, 10, 48, 34, 14, 33, 32, 46, 8, 24, 49, 45, 63, 52, 16, 3, 30, 40, 44, 36]","[7, 11]"
0,15,What activities does Melanie partake in?,1,"[15, 5, 52, 25, 49, 13, 38, 4, 53, 2, 28, 31, 51, 14, 11, 24, 32, 7, 50, 29, 10, 59, 6, 0, 46, 39, 55, 20, 21, 57, 33, 48, 64, 19, 16, 43, 34, 44, 37, 8, 3, 36, 41, 56, 42, 54, 62, 35, 22, 47, 12, 9, 58, 30, 40, 60, 63, 18, 23, 45, 17, 26, 27, 65, 66, 1, 61]","[2, 4, 13, 29]"
0,16,When did Melanie sign up for a pottery class?,2,"[13, 44, 25, 57, 38, 54, 3, 30, 59, 15, 37, 2, 5, 46, 52, 45, 41, 48, 55, 16, 0, 35, 39, 36, 14, 9, 49, 40, 51, 53, 24, 4, 64, 11, 29, 17, 47, 10, 58, 27, 8, 43, 23, 42, 33, 21, 7, 19, 6, 32, 28, 56, 26, 50, 62, 12, 31, 22, 34, 20, 60, 63, 65, 66, 61, 18, 1]",[13]
0,17,When is Caroline going to the transgender conference?,2,"[14, 20, 12, 1, 58, 7, 37, 34, 47, 29, 31, 42, 11, 50, 18, 6, 15, 26, 54, 21, 64, 39, 33, 22, 35, 0, 48, 41, 56, 49, 59, 65, 66, 43, 55, 28, 4, 2, 5, 38, 51, 16, 9, 62, 17, 60, 52, 10, 45, 23, 19, 27, 8, 53, 61, 30, 13, 44, 24, 32, 25, 46, 40, 3, 36, 63, 57]",[14]
0,18,Where has Melanie camped?,1,"[19, 10, 63, 32, 49, 53, 6, 14, 15, 55, 28, 16, 33, 51, 43, 42, 46, 5, 34, 25, 37, 38, 59, 8, 36, 31, 11, 7, 0, 60, 45, 64, 26, 50, 3, 20, 4, 52, 48, 56, 39, 44, 29, 62, 21, 2, 47, 22, 13, 18, 12, 24, 40, 57, 9, 30, 35, 58, 17, 27, 61, 23, 1, 65, 66, 54, 41]","[10, 19, 28]"
0,19,What do Melanie's kids like?,1,"[25, 16, 61, 49, 32, 6, 33, 10, 53, 17, 39, 8, 0, 62, 64, 60, 30, 38, 52, 4, 63, 5, 51, 7, 9, 19, 24, 15, 13, 50, 28, 56, 55, 48, 57, 42, 44, 22, 29, 46, 59, 23, 40, 3, 35, 27, 11, 14, 2, 45, 26, 47, 54, 43, 36, 41, 34, 31, 20, 18, 37, 65, 66, 21, 58, 12, 1]","[10, 16]"
0,20,When did Melanie go to the museum?,2,"[16, 49, 46, 55, 59, 10, 14, 25, 38, 33, 52, 48, 34, 44, 36, 45, 32, 5, 4, 8, 30, 57, 15, 51, 40, 9, 53, 3, 0, 64, 42, 35, 13, 28, 60, 47, 43, 58, 17, 39, 19, 2, 7, 27, 29, 63, 26, 41, 11, 50, 56, 6, 54, 37, 20, 62, 24, 22, 12, 61, 31, 1, 21, 18, 65, 66, 23]",[16]
0,21,When did Caroline have a picnic?,2,"[10, 49, 45, 33, 18, 27, 26, 63, 53, 9, 8, 16, 55, 44, 12, 25, 0, 32, 14, 38, 39, 40, 43, 17, 58, 37, 28, 4, 51, 52, 29, 19, 3, 41, 50, 48, 30, 23, 34, 15, 35, 5, 42, 20, 60, 6, 1, 31, 13, 59, 21, 47, 62, 7, 11, 57, 54, 61, 64, 65, 66, 22, 2, 24, 46, 56, 36]",[18]
0,22,Would Caroline likely have Dr. Seuss books on her bookshelf?,3,"[17, 22, 39, 9, 52, 25, 48, 45, 47, 35, 29, 7, 16, 6, 64, 38, 33, 51, 58, 61, 23, 50, 11, 32, 54, 0, 12, 21, 55, 49, 15, 40, 41, 53, 2, 26, 27, 57, 8, 59, 24, 44, 62, 14, 18, 4, 42, 56, 28, 13, 60, 10, 65, 66, 20, 5, 30, 37, 3, 31, 63, 1, 19, 34, 43, 46, 36]",[17]
0,23,What books has Melanie read?,1,"[22, 17, 15, 49, 52, 5, 64, 51, 39, 25, 7, 16, 58, 14, 6, 32, 24, 10, 11, 8, 59, 2, 57, 56, 55, 4, 0, 38, 53, 33, 48, 31, 29, 28, 62, 42, 13, 43, 20, 35, 9, 47, 19, 3, 36, 60, 50, 45, 54, 21, 61, 44, 46, 30, 34, 23, 37, 27, 63, 40, 41, 12, 18, 65, 66, 26, 1]","[17, 22]"
0,24,What does Melanie do to destress?,1,"[24, 4, 5, 57, 15, 3, 13, 52, 25, 2, 38, 11, 51, 21, 63, 28, 32, 55, 41, 53, 49, 44, 45, 43, 19, 10, 62, 46, 0, 35, 48, 59, 8, 37, 29, 64, 7, 16, 54, 14, 22, 6, 9, 23, 50, 39, 58, 36, 27, 47, 40, 33, 60, 12, 42, 30, 56, 20, 31, 34, 65, 66, 61, 17, 18, 1, 26]","[13, 24]"
0,25,When did Caroline go to the LGBTQ conference?,2,"[12, 20, 14, 1, 34, 31, 37, 29, 7, 50, 58, 11, 48, 18, 47, 26, 6, 28, 54, 15, 42, 41, 33, 59, 35, 21, 22, 43, 49, 64, 55, 0, 38, 10, 39, 51, 65, 66, 2, 56, 19, 16, 4, 60, 9, 17, 8, 5, 53, 45, 23, 62, 27, 52, 32, 63, 30, 25, 13, 46, 61, 40, 44, 24, 3, 57, 36]",[20]
0,26,"When did Melanie read the book ""nothing is impossible""?",2,"[22, 17, 64, 7, 51, 5, 59, 55, 33, 49, 56, 6, 62, 42, 39, 15, 16, 38, 46, 14, 34, 58, 61, 52, 20, 2, 25, 47, 11, 32, 60, 21, 43, 45, 19, 48, 29, 8, 12, 31, 10, 53, 35, 50, 13, 28, 30, 24, 36, 65, 66, 0, 3, 57, 18, 44, 37, 9, 1, 26, 27, 4, 54, 40, 23, 41, 63]",[22]
0,27,Would Caroline pursue writing as a career option?,3,"[21, 11, 15, 50, 22, 54, 7, 12, 38, 2, 29, 41, 13, 6, 51, 39, 56, 45, 17, 25, 52, 20, 35, 42, 64, 5, 47, 48, 57, 14, 9, 4, 31, 58, 0, 43, 3, 37, 33, 40, 49, 26, 59, 62, 44, 53, 28, 65, 66, 27, 23, 8, 55, 24, 30, 32, 10, 60, 18, 16, 34, 61, 1, 46, 63, 19, 36]","[21, 22]"
0,28,When did Caroline go to the adoption meeting?,2,"[26, 42, 39, 56, 64, 6, 14, 12, 33, 20, 50, 49, 0, 1, 18, 11, 16, 29, 15, 7, 8, 10, 21, 17, 55, 43, 31, 37, 34, 58, 60, 9, 61, 23, 62, 28, 38, 25, 47, 65, 66, 5, 53, 22, 19, 27, 32, 2, 45, 35, 4, 40, 54, 48, 59, 30, 44, 46, 63, 41, 51, 52, 13, 24, 3, 57, 36]",[26]
0,29,When did Melanie go to the pottery workshop?,2,"[44, 13, 25, 57, 38, 54, 15, 37, 0, 3, 30, 16, 46, 49, 10, 55, 59, 14, 45, 2, 5, 48, 43, 40, 36, 53, 4, 9, 52, 11, 41, 35, 27, 58, 24, 51, 39, 17, 29, 19, 32, 8, 47, 64, 33, 28, 42, 21, 7, 50, 60, 62, 26, 6, 56, 63, 34, 12, 23, 20, 31, 61, 22, 1, 18, 65, 66]",[25]
0,30,Would Melanie be considered a member of the LGBTQ community?,3,"[31, 20, 34, 7, 12, 37, 47, 1, 29, 48, 28, 11, 15, 14, 50, 6, 64, 54, 18, 2, 8, 38, 52, 51, 35, 42, 41, 55, 59, 19, 39, 5, 36, 62, 22, 21, 56, 46, 58, 49, 65, 66, 10, 32, 26, 33, 0, 43, 13, 25, 27, 24, 53, 16, 9, 23, 4, 30, 60, 3, 17, 44, 57, 61, 40, 45, 63]",[]
0,31,When did Melanie go camping in June?,2,"[10, 19, 63, 32, 53, 49, 14, 16, 43, 33, 6, 15, 38, 55, 25, 28, 51, 60, 8, 37, 4, 5, 34, 0, 26, 36, 59, 46, 45, 3, 42, 11, 7, 29, 12, 31, 50, 62, 48, 20, 56, 52, 30, 64, 21, 27, 40, 39, 18, 2, 44, 9, 61, 13, 22, 17, 57, 24, 1, 58, 47, 35, 41, 65, 66, 54, 23]",[10]
0,32,What LGBTQ+ events has Caroline participated in?,1,"[31, 12, 20, 1, 29, 34, 37, 50, 7, 14, 48, 11, 58, 47, 54, 28, 18, 41, 15, 35, 6, 59, 21, 33, 2, 51, 22, 38, 26, 64, 55, 5, 43, 49, 42, 39, 0, 65, 66, 53, 52, 10, 19, 17, 56, 23, 8, 9, 25, 32, 13, 4, 62, 16, 27, 24, 45, 30, 46, 60, 44, 3, 40, 57, 63, 61, 36]","[1, 7, 12, 28]"
0,33,When did Caroline go to a pride parade during the summer?,2,"[12, 34, 31, 29, 20, 28, 14, 48, 50, 1, 7, 37, 47, 18, 6, 38, 26, 58, 33, 11, 32, 51, 59, 55, 35, 39, 54, 64, 41, 49, 45, 42, 16, 10, 19, 43, 53, 5, 65, 66, 8, 23, 56, 21, 27, 15, 22, 9, 40, 62, 63, 17, 4, 60, 2, 52, 30, 25, 0, 3, 24, 61, 13, 46, 44, 57, 36]",[12]
0,34,What events has Caroline participated in to help children?,1,"[50, 6, 17, 29, 33, 20, 7, 12, 11, 26, 39, 25, 53, 64, 31, 21, 42, 5, 49, 14, 61, 15, 56, 0, 16, 2, 47, 18, 32, 22, 28, 37, 10, 58, 35, 9, 4, 59, 38, 34, 54, 51, 1, 46, 23, 62, 48, 41, 30, 60, 55, 8, 19, 63, 52, 43, 13, 24, 65, 66, 45, 44, 40, 27, 57, 3, 36]","[7, 29]"
0,35,When did Melanie go camping in July?,2,"[10, 19, 32, 63, 53, 49, 14, 16, 43, 15, 33, 6, 28, 25, 38, 55, 51, 60, 37, 34, 5, 26, 8, 4, 46, 36, 0, 59, 12, 31, 29, 42, 50, 20, 45, 3, 30, 11, 48, 7, 27, 21, 62, 52, 44, 39, 56, 13, 64, 22, 18, 24, 40, 17, 2, 61, 57, 9, 1, 58, 35, 47, 41, 23, 65, 66, 54]",[29]
0,36,When did Caroline join a mentorship program?,2,"[29, 21, 12, 11, 56, 7, 50, 26, 15, 42, 2, 20, 31, 14, 18, 6, 0, 64, 1, 39, 47, 62, 54, 37, 5, 22, 33, 28, 17, 43, 38, 25, 65, 66, 23, 49, 53, 35, 34, 59, 41, 45, 58, 51, 13, 16, 8, 46, 9, 48, 55, 10, 30, 52, 4, 40, 27, 61, 44, 19, 24, 32, 3, 60, 57, 63, 36]",[29]
0,37,What did Melanie paint recently?,1,"[3, 45, 30, 57, 25, 48, 40, 35, 41, 59, 54, 38, 47, 13, 29, 49, 44, 51, 46, 16, 15, 52, 9, 55, 33, 2, 53, 10, 5, 64, 8, 32, 0, 19, 28, 7, 37, 58, 39, 4, 27, 34, 24, 11, 14, 31, 22, 6, 36, 60, 43, 63, 42, 62, 50, 26, 17, 56, 20, 12, 61, 18, 23, 21, 65, 66, 1]",[]
0,38,What activities has Melanie done with her family?,1,"[25, 10, 32, 8, 49, 53, 5, 6, 16, 19, 28, 33, 64, 63, 15, 38, 62, 60, 4, 7, 50, 39, 46, 0, 56, 51, 31, 11, 29, 26, 52, 42, 24, 2, 20, 55, 13, 59, 61, 14, 30, 17, 37, 34, 43, 9, 18, 3, 21, 12, 48, 54, 40, 47, 57, 35, 22, 44, 36, 27, 45, 23, 41, 58, 1, 65, 66]","[4, 7, 16, 25, 29]"
0,39,In what ways is Caroline participating in the LGBTQ community?,1,"[12, 20, 31, 29, 7, 37, 1, 34, 50, 47, 11, 54, 14, 48, 28, 18, 41, 6, 35, 58, 21, 64, 15, 22, 42, 2, 51, 65, 66, 38, 59, 39, 26, 55, 56, 52, 5, 43, 33, 23, 9, 8, 13, 62, 19, 17, 49, 53, 0, 10, 32, 4, 25, 27, 24, 46, 3, 30, 45, 16, 60, 44, 40, 57, 63, 61, 36]","[12, 29, 31]"
0,40,How many times has Melanie gone to the beach in 2023?,1,"[32, 49, 45, 19, 14, 4, 10, 15, 38, 34, 55, 5, 53, 51, 16, 33, 36, 0, 28, 24, 46, 63, 48, 25, 8, 20, 12, 7, 6, 3, 42, 60, 52, 31, 59, 50, 29, 62, 57, 64, 43, 37, 21, 22, 35, 44, 13, 11, 30, 27, 39, 26, 56, 47, 58, 9, 2, 40, 41, 54, 18, 1, 61, 17, 65, 66, 23]","[19, 32]"
0,41,When did Caroline join a new activist group?,2,"[31, 20, 12, 50, 29, 37, 14, 7, 26, 11, 1, 34, 2, 15, 47, 6, 59, 28, 42, 21, 64, 56, 18, 41, 39, 54, 58, 43, 49, 53, 51, 55, 33, 48, 0, 65, 66, 22, 35, 5, 38, 4, 46, 62, 10, 17, 25, 45, 19, 9, 30, 23, 16, 63, 13, 60, 8, 52, 44, 32, 24, 57, 27, 61, 40, 3, 36]",[31]
0,42,Would Melanie be more interested in going to a national park or a theme park?,3,"[49, 38, 10, 16, 53, 28, 55, 63, 32, 48, 14, 51, 19, 15, 50, 5, 6, 25, 52, 59, 34, 60, 33, 4, 11, 43, 12, 46, 31, 20, 3, 29, 64, 7, 36, 8, 45, 39, 37, 26, 40, 24, 17, 27, 22, 2, 0, 13, 47, 62, 42, 57, 56, 9, 58, 44, 18, 35, 21, 30, 41, 54, 61, 23, 1, 65, 66]",[32]
0,43,What kind of art does Caroline make?,1,"[54, 41, 35, 45, 48, 57, 47, 3, 25, 9, 13, 44, 30, 59, 29, 40, 38, 51, 11, 52, 58, 2, 50, 15, 37, 21, 7, 6, 17, 33, 27, 5, 46, 64, 0, 4, 53, 49, 28, 10, 12, 14, 39, 55, 42, 22, 31, 23, 26, 8, 43, 16, 32, 20, 24, 18, 65, 66, 62, 19, 63, 56, 61, 1, 60, 34, 36]","[29, 35]"
0,44,When is Melanie's daughter's birthday?,2,"[33, 16, 8, 49, 25, 5, 62, 32, 42, 64, 10, 0, 55, 60, 39, 14, 61, 30, 38, 53, 17, 6, 15, 36, 19, 56, 9, 44, 27, 26, 52, 4, 3, 59, 45, 7, 46, 40, 51, 34, 48, 28, 43, 22, 13, 24, 63, 29, 35, 57, 47, 20, 23, 11, 18, 21, 50, 65, 66, 2, 37, 58, 31, 12, 41, 54, 1]",[33]
0,45,When did Caroline attend a pride parade in August?,2,"[12, 34, 31, 20, 29, 48, 1, 14, 28, 7, 50, 37, 47, 18, 58, 33, 26, 35, 11, 6, 38, 41, 54, 59, 64, 42, 39, 55, 51, 65, 66, 49, 19, 45, 32, 16, 27, 43, 22, 8, 9, 23, 5, 10, 21, 15, 56, 62, 52, 53, 2, 40, 17, 30, 0, 4, 60, 63, 25, 46, 44, 3, 61, 13, 24, 57, 36]",[34]
0,46,Would Melanie be considered an ally to the transgender community?,3,"[20, 7, 47, 31, 34, 37, 14, 1, 11, 12, 64, 18, 28, 29, 54, 48, 15, 6, 50, 35, 42, 56, 65, 66, 22, 2, 58, 21, 41, 62, 59, 5, 38, 39, 55, 46, 51, 19, 52, 8, 43, 36, 26, 23, 0, 49, 33, 24, 13, 27, 9, 10, 25, 32, 61, 4, 60, 16, 30, 17, 57, 53, 3, 44, 40, 45, 63]",[]
0,47,Who supports Caroline when she has a negative experience?,1,"[37, 7, 21, 12, 20, 11, 65, 66, 18, 50, 1, 62, 43, 42, 31, 29, 15, 64, 55, 14, 6, 2, 22, 47, 28, 56, 60, 41, 26, 19, 54, 58, 39, 59, 5, 61, 33, 34, 0, 23, 35, 51, 9, 49, 8, 4, 17, 38, 53, 10, 48, 45, 32, 63, 24, 27, 52, 16, 13, 57, 25, 40, 46, 44, 3, 30, 36]","[7, 37]"
0,48,What types of pottery have Melanie and her kids made?,1,"[25, 44, 13, 57, 38, 54, 30, 9, 10, 16, 32, 49, 53, 6, 3, 17, 8, 35, 0, 64, 59, 48, 47, 39, 61, 37, 46, 45, 41, 33, 19, 5, 15, 4, 40, 29, 63, 62, 51, 60, 28, 7, 24, 52, 2, 27, 50, 11, 56, 26, 55, 43, 42, 23, 22, 58, 36, 21, 18, 14, 31, 20, 12, 65, 66, 34, 1]","[13, 25, 38]"
0,49,When did Caroline and Melanie go to a pride fesetival together?,2,"[34, 12, 14, 31, 28, 20, 29, 48, 10, 8, 7, 38, 33, 55, 49, 59, 1, 16, 50, 26, 37, 58, 19, 64, 18, 47, 32, 15, 42, 51, 6, 11, 62, 53, 5, 43, 27, 39, 63, 25, 0, 35, 30, 52, 54, 46, 56, 60, 65, 66, 41, 4, 45, 2, 9, 22, 40, 23, 21, 61, 3, 44, 17, 13, 24, 36, 57]",[38]
0,50,What would Caroline's political leaning likely be?,3,"[20, 11, 31, 12, 14, 37, 21, 7, 50, 29, 15, 42, 6, 41, 26, 47, 52, 54, 39, 9, 34, 17, 65, 66, 22, 2, 35, 51, 64, 18, 56, 0, 4, 1, 58, 48, 45, 28, 38, 59, 33, 49, 5, 44, 55, 62, 43, 13, 57, 23, 8, 27, 30, 25, 40, 19, 53, 3, 24, 10, 16, 60, 61, 32, 46, 63, 36]",[37]
0,51,What has Melanie painted?,1,"[3, 45, 30, 57, 25, 35, 48, 41, 40, 59, 47, 54, 38, 13, 44, 51, 29, 9, 52, 46, 16, 2, 49, 55, 5, 15, 8, 33, 64, 27, 53, 10, 28, 19, 32, 7, 0, 39, 4, 6, 24, 58, 37, 11, 14, 22, 42, 62, 34, 43, 17, 36, 60, 31, 50, 56, 26, 23, 61, 18, 21, 63, 20, 12, 65, 66, 1]","[2, 25, 40]"
0,52,What are Melanie's pets' names?,1,"[23, 39, 24, 25, 49, 64, 16, 52, 8, 6, 55, 62, 32, 38, 33, 40, 10, 5, 42, 15, 0, 56, 28, 7, 61, 44, 27, 14, 53, 9, 13, 51, 48, 19, 17, 57, 60, 30, 4, 3, 29, 45, 26, 22, 46, 47, 36, 35, 50, 59, 11, 54, 63, 18, 2, 31, 34, 21, 43, 37, 41, 20, 58, 12, 65, 66, 1]","[24, 39]"
0,53,When did Caroline apply to adoption agencies?,2,"[56, 26, 39, 6, 42, 64, 11, 21, 12, 15, 50, 14, 20, 29, 7, 18, 17, 49, 31, 54, 8, 33, 47, 1, 16, 25, 0, 35, 37, 62, 9, 10, 5, 22, 2, 61, 53, 41, 38, 28, 34, 55, 48, 43, 65, 66, 60, 45, 19, 23, 58, 32, 4, 40, 27, 46, 30, 51, 13, 59, 52, 63, 44, 3, 57, 24, 36]",[39]
0,54,When did Caroline draw a self-portrait?,2,"[41, 45, 35, 3, 54, 30, 59, 40, 57, 9, 47, 48, 44, 25, 29, 65, 66, 58, 13, 38, 51, 26, 5, 12, 2, 4, 11, 21, 18, 52, 27, 7, 8, 49, 64, 37, 55, 23, 17, 16, 33, 15, 42, 0, 14, 43, 62, 46, 28, 50, 53, 22, 39, 10, 1, 34, 19, 20, 31, 6, 32, 63, 56, 61, 60, 24, 36]",[41]
0,55,What subject have Caroline and Melanie both painted?,1,"[30, 45, 3, 25, 41, 35, 40, 57, 54, 48, 44, 59, 38, 13, 47, 52, 9, 29, 49, 0, 15, 51, 2, 16, 4, 8, 46, 5, 27, 33, 64, 11, 7, 10, 53, 58, 62, 55, 39, 14, 61, 23, 37, 43, 22, 28, 42, 17, 19, 6, 21, 32, 50, 60, 65, 66, 24, 26, 18, 63, 31, 12, 56, 20, 34, 36, 1]","[25, 45]"
0,56,What symbols are important to Caroline?,1,"[9, 47, 7, 35, 54, 27, 28, 55, 29, 59, 41, 12, 51, 11, 18, 38, 62, 22, 64, 45, 32, 50, 20, 8, 14, 21, 48, 30, 5, 31, 23, 6, 42, 33, 13, 17, 10, 65, 66, 39, 2, 26, 52, 37, 57, 25, 58, 40, 60, 16, 34, 53, 4, 15, 19, 43, 3, 44, 49, 24, 0, 63, 61, 1, 56, 46, 36]","[9, 47]"
0,57,When did Caroline encounter people on a hike and have a negative experience?,2,"[37, 43, 10, 55, 12, 53, 28, 63, 60, 49, 7, 15, 26, 1, 31, 50, 51, 14, 29, 21, 11, 32, 58, 20, 18, 45, 0, 59, 33, 38, 34, 22, 23, 40, 19, 16, 2, 6, 47, 9, 41, 35, 25, 42, 65, 66, 62, 48, 54, 64, 5, 61, 39, 17, 56, 4, 8, 27, 24, 3, 57, 52, 46, 44, 13, 30, 36]",[43]
0,58,When did Melanie make a plate in pottery class?,2,"[44, 13, 25, 57, 38, 3, 54, 30, 9, 45, 52, 59, 46, 35, 5, 48, 41, 16, 37, 40, 15, 49, 2, 8, 10, 51, 0, 27, 47, 39, 55, 36, 17, 4, 64, 43, 53, 24, 32, 29, 33, 11, 23, 7, 28, 14, 62, 58, 6, 19, 21, 42, 61, 22, 50, 60, 56, 26, 63, 18, 34, 12, 20, 31, 65, 66, 1]",[44]
0,59,Would Caroline be considered religious?,3,"[11, 37, 47, 9, 12, 31, 7, 50, 20, 14, 29, 54, 41, 21, 6, 64, 35, 15, 51, 42, 52, 39, 28, 26, 18, 22, 34, 8, 5, 55, 48, 45, 58, 13, 65, 66, 1, 43, 44, 33, 38, 2, 62, 32, 4, 17, 23, 27, 10, 0, 56, 59, 49, 53, 25, 60, 40, 57, 19, 63, 24, 30, 16, 3, 61, 46, 36]","[37, 47, 48]"
0,60,What instruments does Melanie play?,1,"[52, 51, 33, 13, 49, 44, 15, 25, 3, 14, 8, 9, 5, 0, 57, 30, 38, 55, 10, 7, 48, 16, 59, 36, 4, 35, 42, 24, 47, 45, 32, 40, 34, 19, 64, 62, 54, 39, 41, 43, 11, 27, 2, 6, 28, 53, 22, 46, 21, 29, 31, 50, 20, 60, 58, 56, 37, 61, 23, 63, 17, 65, 66, 26, 18, 12, 1]","[5, 52, 53]"
0,61,What musical artists/bands has Melanie seen?,1,"[51, 52, 33, 34, 48, 14, 49, 55, 59, 15, 16, 46, 47, 5, 8, 7, 32, 35, 10, 38, 28, 25, 31, 19, 0, 58, 2, 3, 45, 29, 57, 62, 22, 50, 64, 36, 60, 20, 30, 13, 53, 40, 24, 11, 54, 9, 27, 37, 41, 39, 43, 42, 4, 18, 1, 6, 44, 21, 63, 12, 56, 61, 23, 65, 66, 26, 17]","[33, 51, 52]"
0,62,When did Melanie go to the park?,2,"[49, 55, 16, 10, 53, 33, 25, 19, 32, 38, 28, 14, 0, 5, 4, 36, 15, 63, 39, 34, 43, 46, 48, 52, 51, 26, 45, 8, 17, 24, 42, 3, 6, 60, 40, 59, 64, 50, 44, 30, 62, 31, 7, 27, 61, 37, 12, 57, 20, 29, 18, 56, 58, 13, 11, 2, 21, 22, 1, 9, 23, 41, 47, 35, 65, 66, 54]","[49, 50]"
0,63,When is Caroline's youth center putting on a talent show?,2,"[50, 29, 33, 48, 58, 14, 12, 51, 17, 34, 38, 6, 59, 49, 20, 25, 47, 52, 30, 26, 1, 31, 41, 35, 55, 11, 16, 54, 45, 7, 53, 15, 37, 21, 5, 13, 9, 42, 44, 61, 0, 18, 2, 39, 46, 62, 10, 64, 3, 23, 43, 32, 4, 40, 65, 66, 28, 8, 56, 63, 57, 19, 22, 27, 60, 24, 36]","[50, 51]"
0,64,"Would Melanie likely enjoy the song ""The Four Seasons"" by Vivaldi?",3,"[52, 51, 38, 48, 3, 33, 45, 13, 32, 27, 57, 25, 55, 10, 53, 40, 8, 9, 46, 49, 5, 24, 35, 34, 44, 4, 28, 30, 47, 63, 50, 0, 41, 14, 59, 29, 22, 16, 39, 15, 17, 54, 36, 6, 62, 58, 19, 64, 23, 37, 2, 7, 60, 31, 11, 43, 20, 56, 18, 42, 65, 66, 21, 61, 26, 12, 1]","[52, 53]"
0,65,What are some changes Caroline has faced during her transition journey?,1,"[18, 7, 12, 54, 20, 47, 11, 64, 14, 29, 21, 37, 22, 15, 1, 31, 50, 28, 42, 6, 58, 39, 56, 35, 2, 41, 26, 65, 66, 34, 62, 5, 55, 43, 51, 23, 9, 59, 49, 17, 60, 38, 0, 33, 32, 61, 48, 24, 8, 53, 10, 27, 16, 13, 25, 4, 45, 52, 40, 19, 46, 57, 30, 63, 3, 44, 36]","[35, 54, 55]"
0,66,What does Melanie do with her family on hikes?,1,"[10, 32, 53, 63, 25, 19, 49, 28, 8, 38, 43, 16, 5, 6, 60, 37, 4, 62, 24, 40, 15, 7, 51, 64, 33, 55, 0, 39, 3, 26, 50, 46, 56, 11, 29, 48, 52, 14, 59, 61, 31, 2, 42, 30, 9, 27, 21, 57, 13, 45, 18, 20, 17, 47, 12, 44, 22, 35, 23, 36, 41, 34, 54, 65, 66, 58, 1]","[32, 53, 54]"
0,67,When did Caroline go biking with friends?,2,"[49, 53, 43, 37, 12, 28, 10, 14, 31, 55, 18, 7, 38, 33, 0, 63, 51, 50, 4, 60, 29, 20, 45, 1, 25, 40, 32, 16, 58, 8, 26, 34, 5, 41, 15, 17, 9, 42, 62, 21, 11, 6, 22, 39, 52, 19, 54, 59, 48, 24, 65, 66, 56, 44, 35, 27, 64, 3, 61, 2, 47, 13, 30, 23, 57, 46, 36]","[53, 54]"
0,68,How long has Melanie been practicing art?,2,"[3, 54, 25, 35, 57, 30, 41, 48, 13, 45, 59, 15, 52, 38, 40, 47, 44, 46, 5, 29, 51, 11, 49, 8, 9, 2, 64, 7, 16, 36, 0, 42, 33, 53, 56, 28, 21, 10, 4, 19, 6, 24, 32, 55, 14, 39, 58, 37, 27, 22, 34, 50, 17, 31, 43, 62, 20, 26, 23, 12, 63, 18, 60, 65, 66, 61, 1]","[54, 55]"
0,69,What personality traits might Melanie say Caroline has?,3,"[15, 11, 7, 64, 14, 62, 43, 9, 5, 42, 38, 52, 39, 55, 21, 0, 8, 13, 51, 41, 6, 65, 66, 28, 2, 49, 25, 29, 4, 54, 23, 44, 12, 47, 22, 35, 50, 10, 61, 30, 31, 20, 57, 56, 32, 24, 27, 3, 37, 33, 18, 59, 53, 60, 45, 48, 19, 16, 26, 17, 34, 40, 58, 46, 36, 63, 1]","[20, 42, 55, 56]"
0,70,What transgender-specific events has Caroline attended?,1,"[14, 20, 1, 12, 58, 31, 7, 47, 29, 34, 37, 18, 50, 11, 54, 15, 35, 28, 59, 22, 48, 6, 21, 42, 41, 64, 33, 39, 26, 2, 55, 5, 65, 66, 56, 51, 49, 0, 43, 9, 23, 38, 52, 16, 17, 27, 24, 10, 8, 62, 4, 53, 19, 32, 13, 60, 25, 45, 30, 61, 44, 46, 57, 40, 3, 63, 36]","[51, 52, 58, 59]"
0,71,What book did Melanie read from Caroline's suggestion?,1,"[22, 17, 39, 15, 64, 7, 51, 49, 5, 14, 52, 58, 55, 43, 9, 4, 25, 10, 11, 59, 38, 45, 16, 6, 2, 56, 0, 57, 42, 47, 62, 32, 53, 33, 8, 35, 29, 21, 27, 24, 48, 20, 28, 44, 3, 31, 23, 65, 66, 50, 61, 13, 60, 19, 30, 41, 12, 37, 54, 18, 26, 63, 46, 40, 34, 1, 36]","[22, 57, 58]"
0,72,When did Melanie's friend adopt a child?,2,"[56, 39, 64, 42, 26, 6, 49, 33, 16, 25, 8, 0, 15, 61, 17, 10, 7, 55, 18, 62, 5, 14, 19, 60, 46, 53, 32, 38, 28, 36, 34, 50, 20, 22, 30, 29, 31, 11, 9, 23, 47, 2, 52, 48, 59, 35, 44, 51, 37, 54, 21, 13, 12, 4, 24, 27, 43, 65, 66, 3, 63, 45, 40, 1, 57, 58, 41]","[56, 57]"
0,73,When did Melanie get hurt?,2,"[60, 43, 61, 15, 5, 55, 51, 33, 62, 49, 57, 8, 37, 7, 16, 14, 34, 10, 42, 64, 0, 46, 25, 21, 32, 19, 38, 11, 39, 24, 36, 56, 9, 52, 28, 27, 22, 13, 20, 6, 4, 59, 2, 30, 44, 53, 47, 3, 31, 35, 45, 12, 48, 29, 23, 58, 18, 50, 40, 54, 26, 41, 17, 63, 65, 66, 1]","[57, 58]"
0,74,When did Melanie's family go on a roadtrip?,2,"[60, 10, 63, 32, 49, 16, 8, 19, 38, 53, 33, 62, 5, 25, 64, 14, 55, 28, 6, 42, 0, 51, 15, 4, 59, 56, 7, 46, 43, 39, 34, 61, 45, 26, 52, 36, 9, 22, 3, 30, 40, 48, 37, 20, 18, 27, 11, 24, 31, 12, 50, 44, 2, 17, 57, 29, 13, 21, 47, 35, 58, 54, 41, 1, 65, 66, 23]","[60, 61]"
0,75,How many children does Melanie have?,1,"[8, 25, 49, 6, 33, 39, 0, 61, 16, 64, 15, 10, 32, 62, 56, 42, 5, 7, 60, 53, 19, 30, 17, 52, 4, 14, 26, 36, 55, 51, 38, 50, 11, 9, 46, 63, 28, 34, 44, 24, 43, 22, 21, 29, 20, 13, 48, 27, 3, 2, 23, 59, 47, 35, 31, 57, 40, 54, 45, 37, 18, 12, 65, 66, 41, 58, 1]","[60, 61, 62]"
0,76,When did Melanie go on a hike after the roadtrip?,1,"[10, 43, 63, 49, 60, 53, 32, 37, 16, 28, 38, 15, 55, 14, 19, 5, 25, 51, 4, 34, 33, 45, 59, 46, 7, 3, 36, 0, 8, 24, 48, 40, 12, 20, 31, 42, 6, 11, 64, 62, 26, 29, 57, 22, 2, 21, 52, 50, 30, 39, 56, 27, 44, 61, 13, 47, 18, 1, 58, 9, 35, 41, 54, 23, 65, 66, 17]","[63, 64]"
0,77,Would Melanie go on another roadtrip soon?,3,"[38, 60, 49, 14, 15, 10, 32, 63, 53, 16, 25, 51, 5, 55, 0, 36, 33, 42, 7, 8, 6, 48, 20, 28, 4, 19, 50, 64, 31, 52, 59, 34, 56, 29, 39, 24, 43, 62, 37, 13, 45, 22, 11, 46, 12, 3, 2, 44, 21, 30, 57, 40, 47, 9, 61, 35, 26, 54, 27, 58, 41, 18, 1, 17, 65, 66, 23]","[60, 61]"
0,78,What items has Melanie bought?,1,"[9, 15, 25, 49, 52, 51, 8, 64, 39, 10, 5, 44, 38, 32, 24, 16, 7, 55, 13, 6, 28, 59, 14, 22, 33, 47, 57, 19, 0, 42, 48, 11, 62, 27, 3, 56, 2, 31, 53, 45, 30, 20, 46, 4, 54, 34, 60, 35, 29, 23, 36, 21, 17, 41, 50, 43, 18, 63, 37, 40, 26, 12, 61, 58, 65, 66, 1]","[24, 64, 65]"
0,79,When did Caroline pass the adoption interview?,2,"[26, 42, 56, 39, 64, 6, 12, 14, 33, 11, 20, 18, 7, 50, 29, 15, 49, 21, 8, 0, 16, 17, 1, 61, 37, 9, 23, 22, 34, 31, 47, 62, 65, 66, 35, 43, 10, 60, 25, 54, 5, 58, 55, 28, 38, 45, 27, 32, 53, 40, 2, 41, 30, 19, 4, 48, 44, 52, 13, 59, 46, 51, 24, 63, 3, 57, 36]","[64, 65]"
0,80,When did Melanie buy the figurines?,2,"[16, 9, 25, 64, 44, 38, 30, 8, 13, 32, 49, 45, 59, 57, 55, 39, 3, 27, 10, 52, 48, 17, 24, 35, 62, 54, 42, 5, 46, 33, 51, 28, 40, 22, 19, 0, 56, 36, 47, 15, 6, 53, 26, 14, 7, 61, 60, 63, 34, 41, 4, 23, 29, 2, 18, 11, 37, 43, 31, 12, 58, 20, 50, 21, 65, 66, 1]","[64, 65]"
0,81,Would Caroline want to move back to her home country soon?,3,"[50, 12, 7, 9, 42, 20, 64, 15, 6, 39, 38, 26, 60, 56, 8, 49, 14, 31, 32, 47, 28, 11, 21, 53, 29, 18, 62, 10, 55, 4, 37, 45, 27, 0, 33, 43, 5, 65, 66, 51, 63, 25, 54, 61, 34, 17, 41, 16, 52, 35, 40, 2, 48, 22, 13, 58, 19, 23, 1, 24, 59, 44, 57, 3, 30, 46, 36]","[64, 65]"
0,82,What did the charity race raise awareness for?,4,"[5, 12, 31, 29, 50, 7, 20, 24, 47, 64, 59, 34, 11, 37, 6, 46, 2, 28, 48, 21, 33, 58, 18, 1, 61, 54, 17, 56, 39, 35, 23, 15, 62, 14, 42, 26, 22, 13, 41, 53, 55, 38, 25, 57, 9, 60, 51, 19, 65, 66, 16, 27, 32, 40, 30, 44, 49, 45, 10, 43, 63, 0, 8, 4, 3, 52, 36]",[5]
0,83,What did Melanie realize after the charity race?,4,"[5, 64, 7, 28, 59, 24, 31, 34, 11, 20, 55, 38, 12, 50, 47, 46, 29, 6, 42, 22, 15, 60, 8, 33, 62, 14, 13, 48, 2, 39, 56, 37, 32, 43, 25, 61, 16, 51, 35, 21, 54, 57, 9, 53, 18, 10, 45, 49, 30, 19, 44, 3, 27, 26, 0, 65, 66, 41, 40, 52, 58, 4, 23, 63, 1, 17, 36]",[5]
0,84,How does Melanie prioritize self-care?,4,"[5, 4, 11, 21, 15, 24, 41, 2, 62, 28, 57, 7, 38, 64, 35, 3, 19, 13, 65, 66, 54, 25, 32, 6, 42, 46, 43, 22, 29, 59, 51, 50, 52, 12, 9, 20, 47, 14, 18, 53, 55, 23, 49, 0, 63, 60, 39, 10, 8, 56, 48, 45, 31, 27, 37, 58, 33, 61, 16, 34, 30, 36, 44, 17, 40, 26, 1]",[5]
0,85,What are Caroline's plans for the summer?,4,"[6, 14, 50, 38, 12, 29, 4, 15, 49, 33, 51, 32, 0, 53, 17, 20, 11, 25, 21, 45, 10, 39, 7, 42, 48, 26, 31, 37, 16, 52, 5, 28, 55, 9, 13, 56, 2, 41, 60, 8, 22, 47, 64, 27, 54, 63, 44, 43, 35, 23, 18, 34, 19, 24, 3, 62, 40, 57, 59, 30, 58, 61, 1, 65, 66, 46, 36]",[6]
0,86,What type of individuals does the adoption agency Caroline is considering support?,4,"[6, 56, 64, 26, 42, 39, 11, 7, 50, 18, 21, 29, 12, 20, 37, 62, 2, 31, 47, 65, 66, 1, 19, 54, 14, 28, 15, 35, 61, 22, 41, 5, 23, 17, 33, 48, 38, 25, 8, 0, 53, 49, 10, 9, 55, 58, 16, 59, 34, 60, 4, 46, 32, 43, 30, 63, 24, 51, 52, 40, 13, 27, 57, 45, 3, 44, 36]",[6]
0,87,Why did Caroline choose the adoption agency?,4,"[56, 6, 26, 39, 64, 42, 11, 50, 12, 21, 7, 29, 20, 47, 18, 31, 22, 62, 14, 28, 54, 8, 17, 15, 2, 33, 35, 25, 9, 10, 5, 38, 32, 16, 1, 65, 66, 53, 41, 61, 23, 60, 37, 19, 49, 55, 48, 27, 0, 63, 59, 46, 34, 45, 58, 43, 24, 13, 4, 51, 40, 57, 3, 30, 52, 44, 36]",[6]
0,88,What is Caroline excited about in the adoption process?,4,"[6, 56, 39, 64, 26, 42, 50, 29, 11, 12, 7, 20, 14, 18, 47, 31, 38, 54, 17, 28, 35, 22, 33, 16, 9, 15, 8, 25, 21, 53, 48, 2, 32, 10, 23, 65, 66, 49, 41, 37, 55, 62, 13, 1, 5, 0, 59, 60, 61, 34, 27, 58, 19, 40, 51, 45, 24, 63, 4, 30, 46, 43, 52, 44, 3, 57, 36]",[6]
0,89,What does Melanie think about Caroline's decision to adopt?,4,"[64, 39, 6, 42, 56, 26, 7, 11, 8, 14, 5, 15, 22, 20, 47, 50, 38, 55, 10, 62, 28, 33, 16, 29, 12, 21, 25, 35, 32, 65, 66, 49, 2, 31, 9, 18, 0, 61, 54, 19, 17, 60, 53, 4, 51, 48, 43, 59, 23, 45, 41, 27, 46, 13, 34, 37, 30, 52, 24, 3, 57, 63, 44, 40, 58, 1, 36]",[6]
0,90,How long have Mel and her husband been married?,4,"[8, 25, 0, 15, 10, 49, 7, 33, 32, 27, 5, 34, 56, 62, 60, 14, 4, 55, 61, 38, 37, 28, 53, 16, 39, 19, 64, 36, 46, 52, 42, 43, 51, 21, 20, 6, 24, 26, 63, 30, 11, 40, 3, 31, 54, 48, 13, 9, 29, 18, 47, 12, 45, 44, 57, 59, 23, 2, 35, 50, 65, 66, 58, 41, 22, 17, 1]",[8]
0,91,What does Caroline's necklace symbolize?,4,"[9, 47, 35, 7, 22, 54, 27, 64, 59, 45, 41, 51, 62, 11, 18, 12, 55, 38, 28, 30, 29, 8, 42, 50, 23, 20, 13, 31, 21, 14, 32, 57, 33, 5, 48, 60, 58, 3, 44, 6, 17, 65, 66, 39, 43, 25, 26, 15, 16, 2, 37, 19, 10, 34, 40, 4, 53, 24, 56, 49, 1, 0, 63, 61, 52, 46, 36]",[9]
0,92,What country is Caroline's grandma from?,4,"[9, 42, 39, 14, 64, 8, 49, 7, 6, 45, 10, 50, 60, 33, 47, 0, 32, 44, 11, 62, 28, 56, 17, 43, 26, 12, 35, 29, 53, 51, 52, 63, 22, 55, 16, 15, 18, 20, 40, 38, 4, 5, 27, 25, 21, 37, 41, 19, 31, 58, 3, 54, 65, 66, 13, 30, 59, 48, 2, 57, 23, 61, 34, 1, 24, 46, 36]",[9]
0,93,What was grandma's gift to Caroline?,4,"[9, 47, 64, 27, 8, 44, 25, 45, 39, 38, 22, 10, 33, 17, 35, 32, 13, 62, 42, 3, 7, 54, 51, 11, 40, 60, 18, 50, 16, 6, 23, 28, 57, 29, 55, 41, 53, 14, 59, 5, 43, 0, 63, 58, 52, 30, 12, 49, 26, 56, 48, 21, 37, 61, 15, 2, 24, 19, 20, 4, 65, 66, 1, 46, 31, 34, 36]",[9]
0,94,What is Melanie's hand-painted bowl a reminder of?,4,"[9, 13, 44, 57, 25, 3, 38, 54, 35, 47, 59, 30, 45, 48, 32, 41, 64, 27, 46, 8, 5, 40, 28, 51, 55, 10, 53, 19, 7, 22, 29, 16, 24, 52, 2, 62, 42, 33, 39, 11, 37, 60, 15, 6, 58, 23, 63, 50, 18, 49, 43, 4, 0, 17, 56, 14, 20, 26, 21, 34, 61, 65, 66, 36, 31, 12, 1]",[9]
0,95,What did Melanie and her family do while camping?,4,"[10, 63, 19, 32, 53, 25, 49, 6, 28, 60, 16, 38, 8, 43, 33, 55, 5, 4, 15, 51, 37, 46, 62, 50, 59, 64, 11, 26, 0, 14, 61, 39, 3, 7, 31, 44, 56, 45, 13, 34, 29, 2, 52, 48, 42, 57, 40, 21, 9, 18, 12, 20, 27, 24, 30, 22, 36, 47, 17, 41, 54, 35, 58, 23, 1, 65, 66]",[10]
0,96,What kind of counseling and mental health services is Caroline interested in pursuing?,4,"[21, 11, 15, 2, 12, 50, 29, 41, 5, 6, 37, 20, 7, 4, 54, 42, 26, 56, 31, 47, 14, 24, 13, 38, 43, 28, 64, 39, 22, 1, 58, 35, 0, 52, 23, 57, 51, 65, 66, 17, 53, 25, 18, 48, 9, 49, 62, 3, 55, 10, 45, 33, 27, 19, 59, 46, 40, 34, 44, 32, 63, 8, 60, 30, 61, 16, 36]",[11]
0,97,What workshop did Caroline attend recently?,4,"[14, 11, 15, 0, 29, 31, 12, 58, 50, 20, 37, 25, 1, 59, 49, 2, 7, 35, 26, 33, 47, 21, 44, 48, 13, 10, 43, 41, 30, 45, 17, 54, 5, 16, 4, 53, 9, 6, 34, 38, 18, 55, 51, 28, 22, 3, 52, 57, 23, 19, 42, 39, 63, 64, 27, 40, 56, 65, 66, 32, 46, 8, 60, 24, 61, 62, 36]",[11]
0,98,What was discussed in the LGBTQ+ counseling workshop?,4,"[1, 12, 11, 37, 20, 29, 31, 34, 15, 2, 50, 21, 48, 7, 54, 58, 47, 41, 28, 59, 6, 18, 35, 38, 26, 14, 23, 65, 66, 43, 22, 25, 19, 64, 0, 56, 46, 4, 27, 17, 13, 10, 5, 55, 39, 36, 24, 53, 42, 57, 49, 61, 62, 51, 63, 33, 32, 60, 30, 3, 16, 52, 44, 8, 40, 9, 45]",[11]
0,99,What motivated Caroline to pursue counseling?,4,"[11, 21, 15, 12, 2, 7, 50, 64, 29, 6, 54, 41, 22, 56, 43, 20, 26, 5, 47, 42, 37, 13, 62, 28, 31, 65, 66, 39, 35, 38, 18, 1, 23, 25, 9, 59, 57, 4, 45, 14, 53, 17, 51, 0, 58, 55, 10, 19, 27, 60, 46, 3, 48, 8, 33, 24, 61, 34, 49, 32, 63, 16, 52, 30, 44, 40, 36]",[11]
0,100,What kind of place does Caroline want to create for people?,4,"[50, 47, 41, 11, 6, 48, 17, 59, 35, 54, 38, 29, 58, 7, 20, 12, 55, 64, 31, 13, 45, 21, 2, 9, 44, 28, 37, 42, 65, 66, 25, 3, 51, 14, 18, 15, 26, 22, 57, 33, 10, 1, 5, 4, 16, 53, 43, 49, 27, 32, 39, 0, 52, 56, 19, 23, 34, 8, 46, 30, 40, 63, 62, 24, 60, 61, 36]",[11]
0,101,Did Melanie make the black and white bowl in the photo?,4,"[44, 13, 25, 9, 57, 38, 8, 3, 30, 48, 45, 10, 5, 47, 39, 59, 27, 24, 55, 54, 16, 15, 64, 35, 53, 32, 52, 46, 19, 40, 49, 28, 6, 7, 0, 11, 29, 62, 51, 14, 4, 42, 41, 2, 33, 37, 26, 56, 63, 43, 18, 22, 31, 20, 36, 21, 50, 60, 34, 61, 23, 58, 12, 17, 65, 66, 1]",[13]
0,102,What kind of books does Caroline have in her library?,4,"[17, 22, 9, 11, 58, 52, 51, 15, 29, 25, 6, 50, 48, 35, 7, 45, 47, 39, 21, 23, 49, 14, 41, 54, 57, 16, 12, 33, 64, 0, 55, 27, 38, 62, 44, 40, 20, 31, 61, 13, 4, 42, 37, 8, 10, 32, 53, 18, 2, 26, 59, 5, 24, 43, 28, 3, 30, 1, 56, 65, 66, 60, 19, 63, 34, 46, 36]",[17]
0,103,What was Melanie's favorite book from her childhood?,4,"[17, 22, 32, 25, 16, 9, 64, 10, 39, 53, 52, 38, 49, 51, 61, 6, 5, 7, 8, 28, 62, 33, 57, 19, 27, 59, 3, 63, 55, 24, 40, 60, 15, 56, 35, 48, 45, 30, 47, 42, 13, 11, 46, 23, 43, 44, 4, 50, 29, 0, 58, 26, 2, 54, 41, 14, 18, 21, 37, 65, 66, 31, 36, 20, 34, 12, 1]",[17]
0,104,What book did Caroline recommend to Melanie?,4,"[22, 17, 64, 15, 39, 7, 5, 11, 56, 14, 49, 9, 42, 6, 10, 43, 8, 38, 51, 55, 25, 0, 4, 62, 16, 52, 33, 45, 32, 21, 2, 59, 47, 57, 20, 60, 35, 28, 50, 29, 27, 53, 19, 24, 61, 44, 65, 66, 3, 58, 31, 26, 48, 12, 13, 37, 41, 30, 23, 54, 18, 63, 40, 34, 46, 1, 36]",[22]
0,105,"What did Caroline take away from the book ""Becoming Nicole""?",4,"[22, 64, 7, 54, 9, 47, 11, 35, 59, 39, 17, 6, 29, 18, 12, 38, 41, 65, 66, 50, 28, 56, 45, 42, 58, 20, 32, 51, 2, 31, 57, 60, 25, 23, 5, 13, 1, 26, 55, 48, 14, 62, 15, 27, 10, 43, 53, 21, 63, 8, 16, 37, 4, 3, 49, 61, 33, 30, 44, 34, 24, 40, 0, 19, 52, 46, 36]",[23]
0,106,What are the new shoes that Melanie got used for?,4,"[24, 49, 39, 15, 25, 16, 9, 5, 64, 8, 32, 10, 38, 57, 14, 13, 59, 22, 0, 44, 7, 51, 48, 56, 53, 55, 33, 62, 2, 42, 52, 6, 60, 43, 3, 28, 27, 61, 30, 11, 40, 47, 4, 46, 29, 36, 45, 19, 34, 31, 35, 26, 20, 54, 21, 37, 17, 63, 23, 50, 58, 12, 41, 18, 1, 65, 66]",[24]
0,107,What is Melanie's reason for getting into running?,4,"[24, 5, 7, 11, 64, 15, 59, 51, 22, 21, 56, 28, 38, 13, 6, 39, 62, 31, 49, 14, 42, 43, 20, 53, 47, 32, 57, 52, 25, 50, 2, 29, 54, 8, 55, 35, 12, 10, 3, 48, 16, 4, 33, 60, 0, 46, 41, 37, 34, 19, 45, 9, 40, 65, 66, 44, 30, 18, 58, 17, 26, 27, 63, 36, 23, 61, 1]",[24]
0,108,What does Melanie say running has been great for?,4,"[24, 5, 7, 28, 15, 11, 38, 13, 51, 31, 10, 32, 64, 49, 59, 22, 53, 25, 8, 55, 62, 2, 4, 57, 3, 20, 41, 21, 50, 29, 54, 52, 6, 35, 63, 0, 12, 14, 19, 37, 48, 56, 43, 16, 65, 66, 39, 47, 60, 42, 23, 46, 34, 18, 30, 33, 36, 40, 27, 58, 44, 61, 9, 45, 1, 17, 26]",[24]
0,109,What did Mel and her kids make during the pottery workshop?,4,"[25, 13, 44, 57, 38, 54, 30, 0, 10, 53, 46, 37, 16, 61, 32, 3, 48, 59, 9, 4, 49, 17, 5, 15, 6, 63, 47, 8, 2, 41, 35, 29, 45, 39, 7, 40, 28, 33, 64, 43, 50, 60, 11, 24, 51, 23, 62, 19, 27, 56, 55, 52, 58, 26, 21, 14, 22, 20, 18, 31, 12, 36, 34, 42, 65, 66, 1]",[25]
0,110,What kind of pot did Mel and her kids make with clay?,4,"[25, 13, 44, 57, 38, 54, 10, 30, 3, 9, 53, 48, 37, 0, 32, 16, 17, 6, 61, 49, 41, 4, 46, 47, 39, 35, 45, 5, 63, 8, 40, 59, 15, 29, 64, 24, 19, 27, 2, 43, 52, 33, 28, 56, 60, 7, 26, 11, 62, 51, 50, 21, 58, 23, 36, 22, 55, 14, 42, 20, 12, 18, 31, 34, 65, 66, 1]",[25]
0,111,What creative project do Mel and her kids do together besides pottery?,4,"[25, 13, 38, 57, 44, 54, 53, 30, 48, 10, 32, 46, 3, 17, 16, 0, 6, 4, 29, 49, 5, 37, 35, 41, 61, 59, 8, 63, 40, 15, 47, 50, 28, 39, 9, 45, 33, 64, 24, 7, 51, 2, 60, 56, 52, 62, 58, 19, 11, 26, 23, 27, 43, 31, 22, 55, 21, 20, 14, 12, 42, 18, 36, 34, 65, 66, 1]",[25]
0,112,What did Mel and her kids paint in their latest project in July 2023?,4,"[25, 30, 48, 45, 38, 46, 57, 53, 16, 3, 29, 49, 59, 10, 40, 33, 35, 6, 41, 32, 61, 0, 54, 47, 13, 4, 17, 37, 50, 5, 15, 63, 26, 28, 7, 19, 64, 44, 34, 51, 8, 2, 60, 14, 39, 56, 62, 12, 20, 55, 58, 31, 42, 24, 9, 52, 27, 22, 43, 11, 23, 18, 21, 36, 1, 65, 66]",[25]
0,113,What did Caroline see at the council meeting for adoption?,4,"[26, 39, 64, 42, 56, 6, 12, 20, 11, 29, 14, 47, 50, 31, 7, 15, 1, 33, 10, 37, 2, 21, 17, 34, 0, 18, 65, 66, 23, 59, 58, 28, 48, 35, 9, 43, 16, 22, 55, 25, 38, 32, 19, 53, 27, 8, 49, 54, 62, 30, 5, 45, 41, 61, 60, 40, 4, 51, 63, 46, 13, 52, 44, 24, 3, 57, 36]",[26]
0,114,What do sunflowers represent according to Caroline?,4,"[27, 47, 45, 35, 9, 41, 3, 59, 23, 48, 54, 57, 30, 38, 64, 2, 7, 11, 62, 51, 65, 66, 22, 29, 55, 18, 28, 40, 25, 12, 13, 58, 4, 50, 53, 21, 6, 32, 37, 5, 44, 19, 20, 26, 17, 33, 8, 42, 46, 14, 10, 60, 43, 15, 31, 16, 34, 52, 39, 0, 49, 24, 63, 1, 61, 56, 36]",[27]
0,115,Why are flowers important to Melanie?,4,"[27, 38, 9, 47, 5, 28, 7, 64, 48, 51, 3, 11, 62, 8, 57, 35, 59, 13, 25, 32, 24, 54, 52, 55, 46, 41, 19, 2, 22, 15, 6, 10, 53, 45, 21, 23, 50, 29, 18, 20, 33, 16, 39, 4, 42, 31, 49, 14, 65, 66, 44, 34, 60, 30, 40, 43, 56, 63, 58, 12, 37, 0, 36, 26, 17, 61, 1]",[27]
0,116,What inspired Caroline's painting for the art show?,4,"[45, 35, 48, 41, 54, 47, 59, 57, 3, 29, 30, 9, 25, 40, 38, 51, 13, 58, 7, 50, 2, 46, 11, 64, 44, 12, 22, 27, 33, 28, 53, 16, 17, 26, 37, 18, 6, 55, 21, 31, 5, 20, 15, 23, 14, 39, 52, 62, 43, 32, 49, 10, 1, 34, 65, 66, 42, 0, 8, 4, 56, 19, 63, 24, 60, 61, 36]",[29]
0,117,How often does Melanie go to the beach with her kids?,4,"[32, 49, 25, 19, 10, 53, 16, 63, 4, 33, 0, 60, 5, 8, 45, 6, 62, 61, 38, 15, 30, 28, 39, 24, 64, 14, 7, 55, 17, 51, 46, 42, 3, 56, 26, 50, 43, 29, 36, 48, 40, 57, 31, 52, 9, 34, 59, 35, 11, 20, 37, 12, 13, 44, 22, 21, 18, 2, 41, 47, 27, 58, 23, 65, 66, 54, 1]",[32]
0,118,What did Melanie and her family see during their camping trip last year?,4,"[10, 63, 32, 19, 53, 60, 16, 28, 49, 43, 25, 38, 8, 55, 33, 6, 37, 62, 59, 64, 15, 61, 7, 5, 51, 26, 46, 14, 45, 50, 31, 29, 3, 11, 34, 56, 22, 48, 0, 12, 39, 18, 47, 9, 40, 30, 20, 4, 27, 42, 57, 35, 2, 58, 13, 24, 1, 36, 44, 52, 17, 21, 23, 54, 41, 65, 66]",[32]
0,119,How did Melanie feel while watching the meteor shower?,4,"[32, 16, 10, 55, 46, 51, 45, 34, 59, 48, 57, 3, 53, 28, 33, 58, 24, 14, 49, 63, 27, 38, 25, 15, 8, 47, 19, 2, 64, 43, 7, 13, 52, 29, 5, 60, 22, 36, 11, 35, 31, 42, 0, 40, 50, 20, 4, 61, 62, 30, 6, 44, 39, 12, 26, 9, 54, 37, 18, 56, 1, 21, 41, 17, 65, 66, 23]",[32]
0,120,Whose birthday did Melanie celebrate recently?,4,"[33, 8, 49, 5, 55, 16, 10, 64, 32, 15, 28, 14, 34, 7, 52, 19, 25, 27, 38, 0, 9, 62, 3, 53, 36, 31, 59, 46, 42, 48, 44, 51, 30, 39, 4, 56, 6, 20, 13, 60, 11, 24, 47, 35, 29, 22, 57, 65, 66, 18, 43, 26, 45, 63, 50, 12, 61, 37, 41, 58, 40, 17, 2, 54, 21, 23, 1]",[33]
0,121,Who performed at the concert at Melanie's daughter's birthday?,4,"[33, 51, 34, 16, 8, 49, 52, 10, 19, 59, 32, 55, 14, 60, 62, 25, 5, 30, 64, 28, 7, 0, 61, 46, 48, 53, 27, 38, 6, 42, 39, 50, 63, 15, 58, 36, 20, 29, 31, 9, 45, 26, 47, 3, 40, 35, 17, 56, 43, 22, 24, 18, 11, 4, 44, 13, 37, 1, 12, 2, 57, 65, 66, 41, 23, 54, 21]",[33]
0,122,Why did Melanie choose to use colors and patterns in her pottery project?,4,"[13, 57, 54, 25, 44, 38, 3, 47, 48, 41, 35, 59, 45, 30, 9, 51, 27, 46, 2, 29, 64, 11, 40, 28, 5, 24, 7, 37, 52, 50, 21, 15, 53, 32, 6, 16, 22, 12, 39, 10, 23, 58, 55, 4, 8, 17, 31, 62, 20, 19, 56, 49, 18, 14, 33, 65, 66, 43, 34, 26, 42, 63, 0, 60, 36, 61, 1]",[38]
0,123,What pet does Caroline have?,4,"[23, 39, 9, 40, 42, 6, 26, 64, 8, 49, 25, 29, 50, 0, 17, 24, 14, 15, 45, 47, 7, 52, 33, 44, 54, 11, 12, 62, 41, 56, 21, 18, 37, 55, 35, 27, 16, 5, 13, 28, 38, 51, 10, 4, 32, 53, 61, 20, 22, 48, 30, 31, 43, 60, 3, 57, 19, 58, 2, 65, 66, 63, 34, 1, 59, 46, 36]",[39]
0,124,What pets does Melanie have?,4,"[23, 39, 25, 24, 15, 49, 64, 5, 52, 8, 16, 6, 40, 19, 32, 38, 10, 56, 42, 55, 33, 62, 48, 0, 28, 13, 53, 14, 7, 44, 4, 11, 26, 9, 3, 51, 29, 57, 46, 27, 17, 2, 47, 30, 50, 36, 37, 21, 35, 60, 54, 31, 45, 61, 34, 63, 22, 18, 41, 59, 20, 43, 12, 58, 65, 66, 1]",[39]
0,125,Where did Oliver hide his bone once?,4,"[39, 24, 16, 61, 9, 60, 44, 57, 37, 40, 13, 25, 32, 17, 10, 62, 38, 49, 43, 19, 23, 63, 48, 27, 5, 26, 50, 51, 54, 47, 30, 28, 18, 53, 55, 35, 42, 64, 0, 6, 22, 33, 45, 56, 15, 4, 46, 52, 58, 14, 29, 8, 1, 12, 36, 7, 41, 2, 3, 20, 31, 34, 21, 59, 65, 66, 11]",[39]
0,126,What activity did Caroline used to do with her dad?,4,"[25, 53, 40, 10, 49, 33, 50, 29, 4, 16, 32, 38, 9, 5, 39, 15, 63, 11, 28, 6, 13, 0, 51, 60, 43, 52, 26, 17, 41, 12, 45, 21, 62, 44, 37, 23, 8, 7, 54, 2, 57, 3, 64, 24, 14, 31, 58, 42, 56, 61, 30, 35, 19, 47, 55, 20, 22, 18, 46, 27, 48, 59, 65, 66, 1, 34, 36]",[40]
0,127,What did Caroline make for a local church?,4,"[47, 9, 50, 44, 45, 11, 29, 25, 6, 48, 31, 37, 54, 10, 12, 27, 26, 13, 38, 51, 41, 20, 33, 7, 8, 35, 3, 21, 17, 64, 52, 57, 14, 15, 55, 28, 30, 5, 0, 2, 18, 39, 1, 53, 59, 42, 58, 32, 40, 43, 49, 16, 56, 62, 34, 22, 63, 4, 46, 19, 65, 66, 23, 60, 24, 61, 36]","[47, 48]"
0,128,What did Caroline find in her neighborhood during her walk?,4,"[9, 48, 47, 49, 50, 45, 55, 37, 28, 10, 39, 43, 31, 53, 29, 25, 12, 11, 38, 7, 17, 26, 22, 32, 51, 23, 35, 64, 16, 15, 57, 21, 54, 2, 27, 58, 59, 18, 6, 41, 24, 44, 20, 40, 60, 13, 63, 1, 33, 0, 3, 30, 5, 56, 42, 34, 14, 8, 46, 52, 62, 61, 19, 4, 65, 66, 36]","[48, 49]"
0,129,Which song motivates Caroline to be courageous?,4,"[51, 7, 62, 47, 22, 12, 11, 59, 29, 65, 66, 50, 41, 20, 64, 5, 21, 43, 54, 2, 28, 35, 31, 37, 9, 18, 33, 34, 61, 6, 42, 45, 55, 60, 38, 30, 14, 58, 48, 15, 52, 53, 23, 13, 1, 26, 56, 32, 57, 17, 46, 24, 4, 39, 27, 19, 25, 3, 16, 49, 10, 40, 0, 8, 63, 44, 36]","[51, 52]"
0,130,Which  classical musicians does Melanie enjoy listening to?,4,"[52, 51, 33, 13, 5, 3, 49, 25, 38, 48, 57, 8, 40, 9, 35, 15, 10, 16, 7, 4, 30, 46, 41, 24, 32, 0, 44, 27, 14, 36, 28, 34, 55, 62, 53, 22, 19, 59, 45, 17, 11, 50, 47, 29, 64, 58, 54, 31, 65, 66, 2, 60, 42, 39, 20, 43, 63, 37, 23, 6, 21, 18, 56, 61, 12, 1, 26]","[52, 53]"
0,131,Who is Melanie a fan of in terms of modern music?,4,"[52, 51, 33, 34, 48, 59, 7, 5, 46, 62, 15, 8, 55, 49, 35, 3, 28, 47, 38, 31, 41, 19, 14, 57, 36, 64, 16, 22, 13, 10, 11, 20, 32, 42, 9, 29, 25, 45, 54, 50, 30, 0, 2, 65, 66, 24, 6, 53, 40, 27, 60, 4, 37, 56, 43, 58, 39, 44, 21, 63, 18, 17, 12, 26, 23, 1, 61]","[52, 53]"
0,132,How long has Melanie been creating art?,4,"[3, 54, 35, 25, 48, 57, 45, 30, 41, 59, 46, 47, 38, 13, 40, 44, 15, 9, 52, 51, 5, 8, 49, 64, 29, 16, 7, 11, 53, 33, 36, 28, 10, 2, 32, 55, 19, 42, 6, 0, 56, 17, 4, 24, 27, 21, 58, 34, 14, 50, 31, 39, 22, 37, 20, 26, 62, 43, 18, 63, 12, 65, 66, 60, 23, 61, 1]","[54, 55]"
0,133,What precautionary sign did Melanie see at the café?,4,"[55, 59, 15, 14, 43, 60, 47, 16, 5, 39, 49, 2, 44, 19, 57, 0, 9, 61, 10, 48, 42, 45, 37, 33, 53, 51, 46, 21, 4, 25, 11, 52, 30, 24, 38, 34, 58, 36, 13, 32, 3, 7, 62, 29, 28, 27, 64, 22, 8, 35, 40, 20, 6, 63, 56, 31, 17, 41, 26, 18, 50, 12, 23, 65, 66, 54, 1]","[55, 56]"
0,134,What advice does Caroline give for getting started with adoption?,4,"[56, 6, 39, 64, 26, 42, 11, 7, 50, 21, 29, 12, 20, 54, 18, 47, 2, 22, 65, 66, 17, 35, 31, 15, 38, 25, 5, 14, 28, 62, 23, 53, 41, 32, 8, 37, 48, 1, 10, 49, 0, 9, 19, 4, 13, 61, 33, 43, 60, 16, 59, 46, 27, 58, 24, 57, 55, 45, 51, 40, 63, 34, 30, 52, 3, 44, 36]","[56, 57]"
0,135,What setback did Melanie face in October 2023?,4,"[15, 14, 37, 62, 5, 55, 33, 60, 7, 43, 49, 61, 42, 21, 34, 0, 64, 20, 56, 12, 38, 6, 32, 10, 16, 59, 46, 11, 28, 36, 39, 29, 50, 53, 26, 2, 19, 48, 22, 65, 66, 31, 58, 25, 47, 51, 24, 4, 8, 18, 13, 52, 57, 27, 30, 45, 44, 23, 1, 17, 54, 35, 63, 41, 9, 3, 40]","[57, 58]"
0,136,What does Melanie do to keep herself busy during her pottery break?,4,"[13, 44, 25, 57, 38, 54, 3, 5, 24, 15, 4, 41, 2, 37, 48, 46, 0, 30, 45, 52, 53, 9, 35, 49, 29, 59, 21, 11, 40, 50, 47, 51, 39, 32, 14, 55, 6, 28, 16, 10, 23, 8, 43, 17, 36, 7, 64, 62, 27, 19, 58, 63, 56, 22, 33, 31, 42, 60, 20, 12, 61, 18, 65, 66, 26, 34, 1]","[57, 58]"
0,137,"What painting did Melanie show to Caroline on October 13, 2023?",4,"[45, 30, 3, 35, 48, 57, 40, 41, 25, 59, 54, 47, 29, 38, 16, 49, 44, 33, 46, 9, 58, 13, 55, 15, 2, 0, 14, 27, 51, 8, 10, 64, 5, 42, 52, 53, 62, 34, 7, 39, 26, 28, 11, 4, 32, 19, 37, 43, 12, 50, 20, 60, 23, 61, 65, 66, 22, 18, 36, 56, 24, 17, 6, 21, 31, 1, 63]","[57, 58]"
0,138,"What kind of painting did Caroline share with Melanie on October 13, 2023?",4,"[45, 30, 3, 41, 35, 57, 25, 40, 48, 59, 54, 38, 29, 47, 58, 44, 46, 13, 9, 33, 49, 16, 15, 2, 10, 27, 53, 55, 51, 0, 64, 14, 28, 4, 8, 42, 52, 37, 5, 32, 7, 19, 11, 26, 62, 50, 12, 65, 66, 43, 17, 18, 23, 34, 39, 22, 20, 60, 63, 6, 21, 61, 24, 56, 1, 36, 31]","[57, 58]"
0,139,What was the poetry reading that Caroline attended about?,4,"[58, 59, 35, 22, 17, 29, 48, 51, 54, 41, 7, 33, 14, 47, 45, 50, 12, 31, 20, 25, 57, 2, 11, 37, 9, 34, 28, 1, 13, 38, 55, 18, 43, 30, 3, 15, 27, 53, 64, 40, 49, 16, 5, 52, 39, 6, 21, 23, 26, 44, 10, 65, 66, 0, 4, 32, 46, 42, 60, 62, 19, 63, 24, 8, 61, 56, 36]","[58, 59]"
0,140,What did the posters at the poetry reading say?,4,"[58, 59, 48, 55, 35, 29, 57, 30, 47, 41, 54, 38, 17, 25, 34, 2, 46, 51, 45, 22, 37, 7, 3, 13, 40, 31, 33, 18, 28, 20, 27, 53, 12, 1, 16, 44, 50, 14, 23, 65, 66, 43, 62, 64, 24, 19, 15, 39, 49, 6, 32, 11, 61, 9, 60, 52, 63, 0, 26, 5, 4, 10, 21, 42, 8, 56, 36]","[58, 59]"
0,141,What does Caroline's drawing symbolize for her?,4,"[59, 41, 47, 35, 54, 9, 45, 30, 38, 29, 48, 3, 7, 64, 22, 57, 12, 11, 51, 13, 2, 40, 50, 28, 18, 25, 55, 62, 6, 21, 42, 27, 17, 20, 26, 58, 23, 65, 66, 32, 33, 5, 16, 31, 37, 44, 14, 8, 39, 53, 4, 43, 15, 19, 46, 10, 34, 60, 52, 56, 49, 63, 61, 1, 0, 24, 36]","[59, 60]"
0,142,How do Melanie and Caroline describe their journey through life together?,4,"[8, 7, 64, 42, 62, 28, 10, 60, 32, 38, 55, 49, 25, 15, 18, 59, 51, 11, 22, 6, 27, 0, 14, 53, 56, 54, 43, 5, 33, 20, 61, 12, 16, 30, 9, 47, 19, 31, 39, 29, 50, 21, 35, 65, 66, 63, 26, 2, 23, 34, 37, 4, 41, 13, 52, 46, 45, 3, 58, 40, 24, 17, 48, 44, 1, 57, 36]","[59, 60]"
0,143,What happened to Melanie's son on their road trip?,4,"[60, 61, 10, 16, 49, 33, 63, 32, 25, 53, 0, 39, 19, 6, 43, 64, 55, 8, 5, 38, 14, 15, 42, 62, 56, 7, 28, 4, 30, 51, 37, 26, 59, 46, 22, 40, 45, 9, 34, 57, 50, 17, 36, 24, 52, 3, 44, 20, 29, 48, 27, 58, 11, 31, 12, 13, 47, 35, 2, 18, 23, 1, 21, 54, 41, 65, 66]","[60, 61]"
0,144,How did Melanie's son handle the accident?,4,"[60, 61, 33, 25, 43, 39, 16, 49, 5, 10, 32, 62, 6, 0, 64, 56, 55, 8, 15, 7, 57, 53, 42, 38, 4, 63, 28, 19, 51, 14, 46, 30, 13, 24, 40, 17, 37, 11, 50, 29, 44, 2, 26, 22, 52, 9, 3, 34, 27, 21, 45, 59, 35, 18, 36, 48, 20, 47, 54, 23, 12, 31, 65, 66, 58, 41, 1]","[61, 62]"
0,145,How did Melanie feel about her family after the accident?,4,"[60, 61, 62, 8, 64, 32, 5, 43, 10, 7, 33, 28, 55, 16, 6, 38, 15, 25, 46, 51, 63, 19, 11, 42, 57, 49, 56, 39, 18, 53, 50, 27, 0, 2, 37, 9, 34, 22, 47, 4, 14, 21, 12, 13, 59, 20, 31, 26, 29, 35, 54, 45, 24, 3, 40, 65, 66, 52, 41, 30, 48, 44, 58, 17, 23, 36, 1]","[60, 61]"
0,146,How did Melanie's children handle the accident?,4,"[61, 60, 25, 33, 16, 49, 10, 32, 62, 43, 6, 0, 39, 8, 64, 5, 7, 53, 56, 15, 55, 63, 42, 4, 17, 38, 30, 19, 57, 28, 51, 26, 46, 50, 14, 11, 24, 22, 27, 37, 9, 13, 2, 40, 29, 18, 44, 21, 52, 59, 23, 34, 35, 45, 3, 47, 48, 20, 12, 54, 36, 31, 65, 66, 58, 41, 1]","[61, 62]"
0,147,How did Melanie feel after the accident?,4,"[60, 61, 43, 55, 5, 15, 7, 57, 33, 64, 62, 28, 32, 16, 51, 46, 14, 8, 10, 34, 11, 49, 38, 42, 25, 2, 13, 37, 0, 39, 59, 27, 6, 4, 21, 56, 47, 24, 20, 12, 31, 22, 45, 50, 3, 53, 19, 18, 63, 9, 29, 52, 35, 54, 36, 44, 40, 58, 41, 48, 30, 65, 66, 1, 26, 23, 17]","[60, 61]"
0,148,What was Melanie's reaction to her children enjoying the Grand Canyon?,4,"[16, 60, 10, 25, 32, 63, 53, 49, 61, 33, 38, 6, 64, 28, 8, 19, 17, 3, 51, 59, 45, 62, 7, 55, 43, 48, 30, 39, 57, 5, 46, 40, 29, 26, 56, 47, 9, 50, 4, 22, 35, 0, 27, 37, 42, 13, 11, 15, 2, 34, 52, 14, 54, 24, 31, 18, 58, 41, 20, 12, 44, 23, 36, 65, 66, 21, 1]","[60, 61]"
0,149,What do Melanie's family give her?,4,"[62, 64, 8, 9, 32, 6, 5, 19, 7, 10, 39, 38, 60, 25, 42, 28, 56, 16, 33, 22, 11, 15, 55, 61, 13, 53, 18, 27, 24, 47, 49, 51, 52, 2, 63, 59, 14, 46, 0, 57, 50, 4, 23, 21, 44, 3, 35, 26, 54, 17, 29, 30, 20, 48, 41, 43, 65, 66, 40, 12, 45, 37, 31, 34, 36, 58, 1]","[61, 62]"
0,150,How did Melanie feel about her family supporting her?,4,"[62, 64, 7, 28, 19, 5, 11, 8, 6, 18, 38, 60, 32, 65, 66, 2, 10, 22, 50, 20, 56, 42, 59, 51, 47, 31, 37, 21, 55, 33, 12, 34, 54, 39, 29, 46, 15, 61, 25, 16, 35, 63, 41, 9, 13, 57, 48, 43, 24, 14, 53, 1, 27, 52, 26, 49, 3, 4, 0, 58, 23, 45, 40, 30, 17, 44, 36]","[62, 63]"
0,151,What did Melanie do after the road trip to relax?,4,"[4, 63, 10, 5, 15, 38, 25, 60, 49, 32, 57, 3, 43, 53, 28, 55, 24, 13, 45, 52, 16, 51, 2, 19, 44, 0, 14, 11, 37, 59, 8, 46, 33, 48, 50, 36, 6, 34, 22, 21, 31, 39, 12, 20, 29, 64, 7, 40, 41, 58, 56, 42, 27, 62, 9, 61, 54, 47, 35, 30, 23, 1, 26, 18, 17, 65, 66]","[63, 64]"
